instancia,hv_mean,hv_std,domina_greedy_pct,n_runs
pequena,0.00681832,0.00089230,100.0,10
mediana,0.00311884,0.00081889,50.0,10
grande,0.00304285,0.00027074,100.0,10
